885ba48a23461d3027da41fbb45d6eaf232121cb	Core/ActorFramework/Testing Support/Test Launch For Nested Actor Without Caller.vi
48f05270b42c8416adb04376a7e2e3a5013458a6	Core/ActorFramework/tracing/Support/Localized Strings.vi
8b21d5bc2c67a2e81bbb2626ae183d64ed475bbf	Providers/AddActor/Support/Localized Strings.vi
c4377e670a332a6c3904cbea3b437a5bdd486637	Providers/AddActorInterface/CreateNewWizard_IncludeItem.vi
09cc02eaa206d661540a5c9dd340bcd47c66cef0	Providers/MessageMakerProvider/AFPP Shared/Constants.vi
c4eec099fb188ca0d67a670627065eb7b1a771d2	Providers/MessageMakerProvider/AFPP Shared/Get Linked Files.vi
149c56679be3b206ffd427fbf4715470c05002d7	Providers/MessageMakerProvider/AFPP Shared/Get Project Item from ID.vi
ab8eb3dcdf3646278320a821dda441bc8d326e11	Providers/MessageMakerProvider/AFPP Shared/Inline SubVI.vi
8f74276a57aad43028bd19278e9402675932835d	Providers/MessageMakerProvider/AFPP Shared/Resolve Symbolic Paths.vi
d98ed03c87e71e798321525c9467184d9da60cd5	Providers/MessageMakerProvider/AFPP Shared/Root Actor Class Is Loaded.vi
002ebf51d8d2f830acffcbc17a337be2b8f71c63	Providers/MessageMakerProvider/Support/Is Actor Public Method.vi
f9546b4c13bfa0a3d8eb5d22cc82d98967986260	Providers/MessageMakerProvider/Support/Localized Strings.vi
9701a271af087001d82fa70edd26bd3e050f4021	Providers/MessageMakerProvider/_Message Maker/_support/Is Actor Class or Interface.vi
64bfd8b53797c29dd42a035f50b28e64264c3b33	Providers/MessageMakerProvider/_Message Maker/_support/Localized Strings.vi
744f058d696398a0a24e8d47454ef4fce91fbbc5	Providers/MessageRescripter/Support/Localized Strings.vi
f9f945b9b098ec68397769fc196c963ba280f43f	Tooling/Post Build Icon Editor PPL.vi
